{
    "loss": 0.15904784202575684,
    "accuracy": 0.9655172228813171
}