{
    "loss": 0.2501761317253113,
    "accuracy": 0.955092191696167
}