{
    "loss": 0.20269669592380524,
    "accuracy": 0.9607056975364685
}