{
    "loss": 0.3792688548564911,
    "accuracy": 0.9390537142753601
}