{
    "loss": 0.034000083804130554,
    "accuracy": 0.9927826523780823
}