{
    "loss": 0.24264518916606903,
    "accuracy": 0.9631114602088928
}