{
    "loss": 0.19610659778118134,
    "accuracy": 0.9607056975364685
}